android_cpu,android_mem
11.313333333333334,1418802.0166666668
