android_cpu,android_mem
27.623137254901962,1429058.7539011438
