android_cpu,android_mem
10.320000000000002,1423665.0666666667
