android_cpu,android_mem
12.446666666666665,1403256.7999999998
