android_cpu,android_mem
17.683392857142856,1445719.9482142855
