android_cpu,android_mem
7.5793333333333335,1432312.0766666667
